<?xml version="1.0" encoding="utf-8"?>
<!DOCTYPE install PUBLIC "-//Joomla! 2.5//DTD template 1.0//EN" "https://www.joomla.org/xml/dtd/1.6/template-install.dtd">
<extension version="3.1" type="template" client="site">
	<name>moodiary</name>
	<creationDate>16 November 2017</creationDate>
	<author>beck</author>
	<authorEmail>503646976@qq.com</authorEmail>
	<authorUrl>http://www.moodiary.top</authorUrl>
	<copyright>Copyright (C) 2015 - 2019 All rights reserved.</copyright>
	<license>GNU General Public License version 2 or later; see LICENSE.txt</license>
	<version>1.0</version>
	<description>[HCI assignment]TEMPLATE</description>

	<files>
		<folder>css</folder>
		<folder>html</folder>
		<folder>javascript</folder>
		<folder>language</folder>
		<filename>index.php</filename>
		<filename>templateDetails.xml</filename>
		<filename>template_preview.png</filename>
		<filename>template_thumbnail.png</filename>
		<filename>jsstrings.php</filename>
		<filename>favicon.ico</filename>
		<filename>component.php</filename>
	</files>

	<positions>
		<position>navbar</position>
		<position>position-1</position>
		<position>search-bar</position>
		<position>slider</position>
	</positions>
</extension>
